{"cameraMode":{"drawMode":0,"name":"Shaded","section":"Shading Mode"},"sceneLighting":true,"audioPlay":false,"sceneViewState":{"m_AlwaysRefresh":false,"showFog":true,"showSkybox":true,"showFlares":true,"showImageEffects":true,"showParticleSystems":true,"showVisualEffectGraphs":true,"m_FxEnabled":true},"in2DMode":false,"pivot":{"x":-10.09852409362793,"y":52.200626373291019,"z":-21.525554656982423},"rotation":{"x":0.5800862312316895,"y":0.010995657183229924,"z":-0.007831701077520848,"w":0.8144451975822449},"size":46.685787200927737,"orthographic":false}