{"cameraMode":{"drawMode":0,"name":"Shaded","section":"Shading Mode"},"sceneLighting":true,"audioPlay":false,"sceneViewState":{"m_AlwaysRefresh":false,"showFog":true,"showSkybox":true,"showFlares":true,"showImageEffects":true,"showParticleSystems":true,"showVisualEffectGraphs":true,"m_FxEnabled":true},"in2DMode":false,"pivot":{"x":36.812870025634769,"y":-15.90216064453125,"z":-40.503013610839847},"rotation":{"x":0.03515828400850296,"y":0.9586893320083618,"z":-0.13638101518154145,"w":0.24714460968971253},"size":80.80095672607422,"orthographic":false}