{"cameraMode":{"drawMode":0,"name":"Shaded","section":"Shading Mode"},"sceneLighting":true,"audioPlay":false,"sceneViewState":{"m_AlwaysRefresh":false,"showFog":true,"showSkybox":true,"showFlares":true,"showImageEffects":true,"showParticleSystems":true,"showVisualEffectGraphs":true,"m_FxEnabled":true},"in2DMode":false,"pivot":{"x":1.797415018081665,"y":-33.250511169433597,"z":-42.31874084472656},"rotation":{"x":0.005672113504260778,"y":-0.9720481038093567,"z":0.23356392979621888,"w":0.023618163540959359},"size":146.6517791748047,"orthographic":false}